Time,Info
Sat 28/11 06:45,
Sat 28/11 07:00,
Sun 29/11 10:00,
Sun 29/11 12:15,?Hay 1 Reservas Escalada disponibles!
Sun 29/11 02:30,
Sun 29/11 04:45,
Sun 29/11 07:00,
Mon 30/11 07:45,
Mon 30/11 10:00,
Mon 30/11 12:15,?Hay 15 Reservas Escalada disponibles!
Mon 30/11 02:30,?Hay 12 Reservas Escalada disponibles!
Mon 30/11 04:45,
Mon 30/11 07:00,
Tue 01/12 07:45,?Hay 18 Reservas Escalada disponibles!
Tue 01/12 10:00,?Hay 3 Reservas Escalada disponibles!
Tue 01/12 12:15,?Hay 31 Reservas Escalada disponibles!
Tue 01/12 02:30,?Hay 21 Reservas Escalada disponibles!
Tue 01/12 04:45,
Tue 01/12 07:00,
Wed 02/12 07:45,?Hay 12 Reservas Escalada disponibles!
Wed 02/12 10:00,?Hay 9 Reservas Escalada disponibles!
Wed 02/12 12:15,?Hay 38 Reservas Escalada disponibles!
Wed 02/12 02:30,?Hay 36 Reservas Escalada disponibles!
Wed 02/12 04:45,
Wed 02/12 07:00,
Thu 03/12 07:45,?Hay 33 Reservas Escalada disponibles!
Thu 03/12 10:00,?Hay 25 Reservas Escalada disponibles!
Thu 03/12 12:15,?Hay 36 Reservas Escalada disponibles!
Thu 03/12 02:30,?Hay 36 Reservas Escalada disponibles!
Thu 03/12 04:45,
Thu 03/12 07:00,
Fri 04/12 07:45,?Hay 38 Reservas Escalada disponibles!
Fri 04/12 10:00,?Hay 25 Reservas Escalada disponibles!
Fri 04/12 12:15,?Hay 43 Reservas Escalada disponibles!
Fri 04/12 02:30,?Hay 35 Reservas Escalada disponibles!
Fri 04/12 04:45,
Fri 04/12 07:00,
